match_id,t1,t2,correct,date,bankroll,betsize,earnings,bet_size,best_odds,worst_odds
295606,188,7386,False,2024-02-16,950.0,50,416.6666666666664,50,0.8928571428571428,0.8547008547008548
296745,17,878,False,2024-02-17,900.0,50,166.6666666666666,50,0.7692307692307692,0.7407407407407407
296735,14,6387,True,2024-02-17,932.0,50,32.0,50,0.6172839506172839,0.6097560975609756
295610,6961,2,False,2024-02-17,882.0,50,45.87155963302753,50,0.4784688995215311,0.4716981132075471
295615,2355,11058,False,2024-02-18,832.0,50,166.66666666666663,50,0.2481203007518797,0.2307692307692308
296730,5448,918,False,2024-02-18,782.0,50,111.11111111111114,50,0.6896551724137931,0.6622516556291391
296731,6199,8304,True,2024-02-18,867.0,50,85.0,50,0.6296296296296297,0.5918367346938775
296737,14,5448,False,2024-02-19,817.0,50,161.2903225806451,50,0.7633587786259541,0.6756756756756757
296738,6387,918,True,2024-02-19,999.0,50,181.99999999999994,50,0.7844827586206896,0.736842105263158
295613,2,120,False,2024-02-19,949.0,50,135.13513513513513,50,0.7299270072992701,0.7142857142857143
295608,2406,7386,True,2024-02-19,1021.5,50,72.5,50,0.5918367346938775,0.5780590717299579
297401,1184,1001,True,2024-02-20,1366.5,50,345.0,50,0.8734177215189873,0.8310810810810811
297402,14419,8877,True,2024-02-20,1482.0,50,115.50000000000003,50,0.6978851963746224,0.6551724137931034
296732,8185,8304,False,2024-02-20,1432.0,50,250.00000000000006,50,0.8333333333333334,0.7936507936507936
296733,278,6199,False,2024-02-20,1382.0,50,131.57894736842113,50,0.3464052287581699,0.2753623188405796
296749,17,878,True,2024-02-21,1485.5,50,103.5,50,0.7246376811594204,0.3257328990228013
296734,8304,6199,False,2024-02-21,1435.5,50,41.66666666666667,50,0.574468085106383,0.5454545454545454
297412,2059,12694,False,2024-02-21,1385.5,50,156.25,50,0.7575757575757576,0.6666666666666666
296739,5448,918,False,2024-02-21,1335.5,50,142.85714285714283,50,0.7407407407407407,0.7092198581560284
297406,4915,397,False,2024-02-21,1285.5,50,263.15789473684214,50,0.8403361344537815,0.819672131147541
297407,474,7035,False,2024-02-21,1235.5,50,208.33333333333343,50,0.8064516129032259,0.7575757575757576
297253,5448,6199,True,2024-02-22,1305.5,50,69.99999999999999,50,0.5833333333333333,0.3464052287581699
297403,1001,8877,False,2024-02-22,1255.5,50,40.0,50,0.4444444444444444,0.3846153846153846
297404,1184,14419,False,2024-02-22,1205.5,50,80.64516129032256,50,0.6172839506172839,0.591715976331361
297254,6199,17,False,2024-02-22,1155.5,50,90.9090909090909,50,0.5633187772925764,0.3548387096774194
297255,17,5448,True,2024-02-22,1212.0,50,56.5,50,0.6578947368421053,0.4694835680751174
297408,4915,474,True,2024-02-23,1242.0,50,30.0,50,0.6329113924050632,0.625
297409,397,7035,False,2024-02-23,1192.0,50,50.0,50,0.5594713656387665,0.5
295607,1034,188,False,2024-02-23,1142.0,50,227.2727272727273,50,0.819672131147541,0.7692307692307692
295612,6961,2359,False,2024-02-23,1092.0,50,83.33333333333334,50,0.625,0.6172839506172839
297256,14,624,False,2024-02-24,1042.0,50,208.33333333333343,50,0.1999999999999999,0.1935483870967741
295617,11058,5248,False,2024-02-24,992.0,50,142.85714285714283,50,0.6666666666666667,0.2592592592592593
297257,8185,17,True,2024-02-24,1097.0,50,105.00000000000003,50,0.6774193548387097,0.6598639455782314
297405,8877,1184,False,2024-02-25,1047.0,50,31.44654088050315,50,0.3861003861003861,0.3448275862068966
295619,11058,2355,True,2024-02-25,1118.0,50,71.0,50,0.7246376811594204,0.4132231404958678
295614,2359,2,True,2024-02-25,1171.0,50,53.0,50,0.5145631067961165,0.4594594594594595
295609,188,7386,True,2024-02-25,1257.5,50,86.5,50,0.6336996336996337,0.6212121212121212
297410,474,7035,True,2024-02-25,1357.0,50,99.5,50,0.6655518394648829,0.6
297416,2059,12694,False,2024-02-25,1307.0,50,200.00000000000006,50,0.8,0.7936507936507936
307574,2,11058,True,2024-02-26,1422.0,50,115.00000000000003,50,0.696969696969697,0.6710526315789473
307567,8877,2059,True,2024-02-26,1487.0,50,64.99999999999999,50,0.4504504504504504,0.4347826086956522
307573,11058,7386,False,2024-02-26,1437.0,50,108.69565217391306,50,0.3421052631578947,0.3150684931506849
307564,8877,7035,True,2024-02-26,1499.0,50,62.000000000000014,50,0.5555555555555556,0.4464285714285714
307572,7386,2,True,2024-02-26,1514.0,50,15.0,50,0.2307692307692308,0.180327868852459
307565,7035,2059,False,2024-02-26,1464.0,50,59.52380952380952,50,0.5,0.4565217391304348
303094,2593,8877,True,2024-02-29,1729.0,50,265.0,50,0.8412698412698413,0.8319327731092437
303093,1001,4915,True,2024-02-29,1854.0,50,125.0,50,0.2906976744186046,0.2857142857142857
303087,5248,6961,False,2024-03-02,1804.0,50,357.1428571428576,50,0.1666666666666666,0.1228070175438595
303088,1034,2,True,2024-03-02,1885.5,50,81.5,50,0.6197718631178707,0.6
312777,17,624,True,2024-03-21,1924.0,50,38.5,50,0.6060606060606061,0.5649717514124294
312776,2,6961,False,2024-03-21,1874.0,50,76.92307692307693,50,0.6060606060606061,0.5988023952095809
318911,8877,14419,False,2024-04-03,1824.0,50,161.2903225806451,50,0.7633587786259541,0.7042253521126761
318913,7035,474,False,2024-04-03,1774.0,50,100.0,50,0.375,0.3333333333333333
318914,2059,4915,False,2024-04-04,1724.0,50,125.0,50,0.3421052631578947,0.2857142857142857
318915,2593,1001,True,2024-04-04,1879.5,50,155.50000000000006,50,0.75669099756691,0.6875
318916,474,1184,True,2024-04-05,1929.5,50,50.0,50,0.5,0.4923857868020305
318917,397,12694,False,2024-04-05,1879.5,50,67.56756756756755,50,0.4444444444444444,0.4252873563218391
314623,1034,6961,False,2024-04-06,1829.5,50,111.11111111111114,50,0.6896551724137931,0.6666666666666666
314622,188,2359,True,2024-04-06,2011.5,50,182.00000000000006,50,0.2941176470588235,0.2155172413793103
314302,6199,8185,True,2024-04-06,2040.5,50,29.000000000000014,50,0.3670886075949368,0.3464052287581699
314301,918,5448,False,2024-04-06,1990.5,50,192.30769230769226,50,0.2481203007518797,0.2063492063492064
314303,6387,8304,True,2024-04-07,2077.0,50,86.5,50,0.6336996336996337,0.5833333333333333
314625,2,120,False,2024-04-07,2027.0,50,156.25,50,0.7575757575757576,0.7352941176470588
314304,14,624,False,2024-04-07,1977.0,50,294.11764705882376,50,0.180327868852459,0.1452991452991452
314624,11058,5248,False,2024-04-07,1927.0,50,74.62686567164181,50,0.5988023952095809,0.5617977528089888
314626,2355,2406,True,2024-04-08,1959.5,50,32.5,50,0.6329113924050632,0.6060606060606061
314305,6199,878,True,2024-04-08,2009.5,50,50.0,50,0.5,0.4871794871794871
314308,14,278,True,2024-04-09,2334.5,50,325.00000000000006,50,0.8666666666666667,0.765807962529274
318918,8877,1184,False,2024-04-10,2284.5,50,41.66666666666667,50,0.5815899581589958,0.5454545454545454
318919,2059,1001,True,2024-04-10,2409.5,50,125.0,50,0.3115264797507788,0.2857142857142857
318920,474,4915,False,2024-04-11,2359.5,50,178.57142857142858,50,0.2537313432835821,0.21875
318921,397,7035,False,2024-04-11,2309.5,50,40.0,50,0.4444444444444444,0.425531914893617
318923,8877,12694,True,2024-04-12,2324.5,50,15.0,50,0.8,0.7692307692307692
318922,2593,14419,False,2024-04-12,2274.5,50,312.50000000000017,50,0.8620689655172414,0.8333333333333334
314310,14,8185,False,2024-04-13,2224.5,50,128.2051282051283,50,0.3103448275862068,0.2805755395683452
314628,11058,120,True,2024-04-13,2268.5,50,44.0,50,0.4680851063829787,0.4382022471910112
314309,17,624,False,2024-04-13,2218.5,50,47.16981132075472,50,0.5348837209302326,0.5145631067961165
314629,2,2359,True,2024-04-13,2346.0,50,127.49999999999994,50,0.7183098591549295,0.6774193548387097
314312,6387,878,True,2024-04-14,2383.5,50,37.5,50,0.4285714285714286,0.4252873563218391
314630,2355,7386,True,2024-04-14,2434.5,50,51.000000000000014,50,0.5617977528089888,0.495049504950495
314311,6199,5448,False,2024-04-14,2384.5,50,64.93506493506494,50,0.5649717514124294,0.5617977528089888
314632,188,5248,False,2024-04-15,2334.5,50,138.88888888888886,50,0.7352941176470588,0.6756756756756757
314314,918,8304,False,2024-04-15,2284.5,50,200.0000000000001,50,0.2592592592592593,0.1999999999999999
314316,6387,5448,False,2024-04-16,2234.5,50,92.59259259259261,50,0.3710691823899371,0.3506493506493506
314315,14,878,True,2024-04-16,2267.0,50,32.5,50,0.6211180124223602,0.6060606060606061
318925,8877,4915,False,2024-04-17,2217.0,50,50.0,50,0.5283018867924529,0.5
318927,2059,1184,True,2024-04-18,2330.0,50,113.0,50,0.3311258278145695,0.3067484662576687
318926,397,1001,True,2024-04-18,2500.0,50,170.00000000000006,50,0.2358490566037735,0.2272727272727272
318928,474,14419,False,2024-04-19,2450.0,50,119.0476190476191,50,0.7042253521126761,0.6756756756756757
314318,6387,278,False,2024-04-20,2400.0,50,58.82352941176468,50,0.5405405405405405,0.5
314317,17,8185,True,2024-04-20,2489.5,50,89.49999999999997,50,0.6415770609318996,0.54337899543379
314635,188,6961,True,2024-04-20,2578.5,50,88.99999999999997,50,0.4,0.3597122302158274
314320,6199,624,False,2024-04-21,2528.5,50,37.313432835820905,50,0.4273504273504274,0.2808988764044944
314319,918,878,True,2024-04-21,2623.5,50,95.0,50,0.3623188405797102,0.3448275862068966
314637,1034,2359,False,2024-04-21,2573.5,50,39.682539682539684,50,0.5780590717299579,0.5575221238938053
314636,2355,5248,False,2024-04-21,2523.5,50,87.71929824561403,50,0.6369426751592356,0.6060606060606061
314639,188,120,True,2024-04-22,2566.0,50,42.5,50,0.4594594594594595,0.4565217391304348
314321,14,8304,False,2024-04-22,2516.0,50,24.271844660194162,50,0.7109826589595376,0.673202614379085
314638,11058,2406,False,2024-04-22,2466.0,50,113.63636363636363,50,0.6944444444444444,0.6535947712418301
314323,6199,278,False,2024-04-23,2416.0,50,161.2903225806451,50,0.7633587786259541,0.7194244604316548
314640,2,5248,True,2024-04-23,2797.0,50,380.99999999999994,50,0.8839907192575406,0.8571428571428572
318931,2059,12694,True,2024-04-24,2954.0,50,157.00000000000003,50,0.7584541062801933,0.7142857142857143
318930,474,1001,True,2024-04-24,2998.5,50,44.499999999999986,50,0.4708994708994708,0.4444444444444444
314643,2355,6961,True,2024-04-24,3073.0,50,74.50000000000001,50,0.4545454545454545,0.4016064257028112
314642,11058,2359,False,2024-04-24,3023.0,50,294.11764705882376,50,0.1666666666666666,0.1452991452991452
318933,397,4915,True,2024-04-25,3173.0,50,150.0,50,0.2732240437158469,0.25
318932,2593,1184,True,2024-04-25,3268.0,50,95.0,50,0.6551724137931034,0.6168582375478927
318935,8877,7035,False,2024-04-26,3218.0,50,416.6666666666664,50,0.8928571428571428,0.8474576271186441
318934,2059,14419,False,2024-04-26,3168.0,50,119.0476190476191,50,0.7042253521126761,0.6802721088435374
314645,2,6961,True,2024-04-27,3263.5,50,95.5,50,0.6563573883161512,0.6428571428571428
314326,918,278,False,2024-04-27,3213.5,50,106.38297872340425,50,0.6802721088435374,0.6451612903225806
314644,11058,7386,False,2024-04-27,3163.5,50,147.0588235294117,50,0.7462686567164178,0.7407407407407407
314646,188,2406,False,2024-04-28,3113.5,50,416.6666666666664,50,0.8928571428571428,0.8771929824561404
314327,14,5448,False,2024-04-28,3063.5,50,90.9090909090909,50,0.6451612903225806,0.6172839506172839
314647,1034,5248,True,2024-04-28,3207.0,50,143.50000000000003,50,0.7416020671834626,0.732620320855615
314328,6199,8304,False,2024-04-28,3157.0,50,35.71428571428572,50,0.609375,0.5833333333333333
314648,2355,120,True,2024-04-29,3210.5,50,53.5,50,0.5405405405405405,0.4830917874396135
314330,17,878,True,2024-04-29,3432.5,50,222.0,50,0.8161764705882353,0.6978851963746224
318937,8877,1001,True,2024-05-01,3473.0,50,40.5,50,0.4475138121546961,0.4117647058823529
318936,397,14419,True,2024-05-01,3575.0,50,102.0,50,0.6710526315789473,0.5867768595041323
318939,4915,2593,True,2024-05-02,3621.5,50,46.499999999999986,50,0.5291005291005292,0.5181347150259068
318938,2059,7035,True,2024-05-02,3761.5,50,140.00000000000006,50,0.736842105263158,0.6987951807228916
318941,397,1184,False,2024-05-03,3711.5,50,125.0,50,0.3288590604026845,0.2857142857142857
318940,474,12694,False,2024-05-03,3661.5,50,99.99999999999997,50,0.6666666666666666,0.5780346820809249
329907,6199,14,False,2024-05-03,3611.5,50,45.04504504504504,50,0.5348837209302326,0.5260663507109005
329908,624,8304,False,2024-05-03,3561.5,50,263.15789473684214,50,0.8403361344537815,0.7575757575757576
329910,8185,624,False,2024-05-04,3511.5,50,67.56756756756755,50,0.4565217391304348,0.4252873563218391
314651,1034,120,True,2024-05-04,3586.5,50,75.0,50,0.6,0.5780590717299579
329909,17,14,True,2024-05-04,3711.0,50,124.5,50,0.7134670487106017,0.6742671009771987
314652,2355,2359,True,2024-05-04,3741.0,50,30.0,50,0.375,0.3333333333333333
314654,11058,6961,False,2024-05-05,3691.0,50,135.13513513513516,50,0.3243243243243243,0.2700729927007299
314653,188,7386,False,2024-05-05,3641.0,50,250.00000000000006,50,0.8333333333333334,0.819672131147541
329911,17,8185,True,2024-05-05,3698.0,50,57.0,50,0.5263157894736842,0.4672897196261682
329912,14,624,False,2024-05-05,3648.0,50,227.2727272727273,50,0.1869918699186992,0.180327868852459
337408,120,6961,True,2024-05-08,3712.5,50,64.5,50,0.5208333333333334,0.4366812227074236
341816,2593,474,False,2024-05-08,3662.5,50,142.85714285714283,50,0.7407407407407407,0.7142857142857143
341817,4915,1001,True,2024-05-08,3703.5,50,41.000000000000014,50,0.4505494505494506,0.4444444444444444
337407,188,11058,True,2024-05-08,3773.0,50,69.5,50,0.5815899581589958,0.5215311004784688
341818,8877,2593,False,2024-05-09,3723.0,50,56.179775280898895,50,0.4923857868020305,0.4708994708994708
337410,2359,120,False,2024-05-09,3673.0,50,43.478260869565204,50,0.5555555555555556,0.5348837209302326
341819,1184,1001,True,2024-05-09,3726.5,50,53.499999999999986,50,0.5169082125603864,0.4974874371859297
337409,2355,11058,False,2024-05-09,3676.5,50,40.32258064516128,50,0.6,0.5535714285714286
337413,2355,2359,False,2024-05-10,3626.5,50,142.85714285714283,50,0.2857142857142857,0.2592592592592593
337411,11058,120,True,2024-05-10,3644.0,50,17.5,50,0.2592592592592593,0.2424242424242424
341822,8877,1184,False,2024-05-10,3594.0,50,58.823529411764696,50,0.5348837209302326,0.4594594594594595
341820,2593,1001,True,2024-05-10,3635.5,50,41.500000000000014,50,0.453551912568306,0.4382022471910112
348468,1184,2593,True,2024-06-01,3764.0,50,128.5,50,0.3184713375796178,0.2801120448179272
348472,1001,1184,False,2024-06-03,3714.0,50,90.9090909090909,50,0.6451612903225806,0.6097560975609756
314341,6199,6387,False,2024-06-15,3664.0,50,79.36507936507937,50,0.6134969325153374,0.5617977528089888
314342,14,17,False,2024-06-16,3614.0,50,238.0952380952382,50,0.1999999999999999,0.1735537190082644
314345,6199,918,False,2024-06-17,3564.0,50,151.51515151515147,50,0.7518796992481203,0.7407407407407407
314344,878,278,False,2024-06-17,3514.0,50,166.6666666666666,50,0.7692307692307692,0.7575757575757576
353153,1184,7035,False,2024-06-18,3464.0,50,333.3333333333336,50,0.8695652173913044,0.8333333333333334
353154,397,2593,False,2024-06-19,3414.0,50,185.18518518518516,50,0.2647058823529412,0.2125984251968504
353155,1001,4915,True,2024-06-19,3441.5,50,27.5,50,0.6578947368421053,0.6451612903225806
353157,14419,12694,False,2024-06-20,3391.5,50,86.2068965517241,50,0.6329113924050632,0.6172839506172839
353156,2059,474,True,2024-06-20,3470.0,50,78.50000000000003,50,0.4878048780487805,0.3891050583657587
353158,4915,1184,True,2024-06-21,3506.0,50,35.99999999999997,50,0.4186046511627906,0.3827160493827161
353159,397,8877,False,2024-06-21,3456.0,50,128.2051282051283,50,0.3421052631578947,0.2805755395683452
353178,2,1034,True,2024-06-22,3482.0,50,26.0,50,0.6666666666666666,0.6578947368421053
314347,624,8185,False,2024-06-22,3432.0,50,131.57894736842113,50,0.7246376811594204,0.6756756756756757
314346,8304,878,True,2024-06-22,3497.5,50,65.5,50,0.5154639175257733,0.4329004329004329
353179,2406,120,True,2024-06-23,3789.0,50,291.50000000000017,50,0.1757469244288224,0.1464128843338213
353180,6961,5248,True,2024-06-23,3894.0,50,105.00000000000003,50,0.6774193548387097,0.6428571428571428
314349,278,5448,True,2024-06-23,3996.5,50,102.49999999999997,50,0.3831417624521073,0.3278688524590164
314348,918,6387,True,2024-06-23,4062.0,50,65.5,50,0.4545454545454545,0.4329004329004329
314351,6199,14,True,2024-06-24,4132.0,50,70.0,50,0.4504504504504504,0.4166666666666667
353181,11058,188,True,2024-06-24,4164.5,50,32.5,50,0.6493506493506493,0.6060606060606061
314350,8185,878,True,2024-06-24,4286.5,50,121.99999999999994,50,0.7093023255813953,0.6763754045307443
